Voter,Barry Bonds,Roger Clemens,Johnny Damon,Vlad Guerrero,Trevor Hoffman,Andruw Jones,Chipper Jones,Jeff Kent,Edgar Martinez,Fred McGriff,Mike Mussina,Manny Ramirez,Scott Rolen,Johan Santana,Curt Schilling,Gary Sheffield,Sammy Sosa,Jim Thome,Omar Vizquel,Billy Wagner,Larry Walker
Peter Abraham,1,1,0,1,0,0,1,0,1,0,1,0,1,0,1,0,0,1,0,0,0
Dave Albee,0,0,0,1,1,0,1,1,1,0,1,0,0,0,1,0,0,1,0,0,0
Jim Alexander,1,1,0,1,1,0,1,0,1,0,1,0,0,0,1,0,0,1,1,0,0
David Ammenheuser,1,1,0,1,1,0,1,0,1,0,1,0,0,0,1,0,0,1,0,0,1
Dom Amore,1,1,0,1,1,0,1,0,1,0,1,0,0,0,1,0,0,1,0,0,1
Anthony Andro,1,1,0,1,1,0,1,0,1,0,1,0,0,0,1,0,0,1,0,0,1
Mel Antonen,0,0,1,1,1,0,1,0,1,1,1,0,0,0,0,0,0,1,1,0,0
Kirby Arnold,0,0,0,1,1,0,1,0,1,0,1,0,1,0,1,0,0,1,1,0,1
Jaime Aron,0,0,0,1,1,0,1,0,1,0,1,0,0,0,1,0,0,1,0,0,1
Chris Assenheimer,0,0,0,1,1,0,1,0,1,0,0,0,0,0,0,0,0,1,1,0,0
Andrew Baggarly,1,1,0,1,0,0,1,0,1,0,0,0,0,0,0,0,0,1,1,0,0
Chris Bahr,1,1,0,1,1,0,1,0,1,0,1,0,0,0,1,0,0,1,0,0,1
Bill Ballou,1,1,0,1,0,0,1,0,0,0,0,1,0,0,0,0,0,0,0,0,0
Peter Barzilai,1,1,0,1,0,0,1,0,1,0,1,0,1,0,1,0,0,1,0,0,1
Mike Bass,1,1,0,1,1,0,1,1,1,0,1,0,0,0,1,0,0,1,0,0,0
Amalie Benjamin,0,0,0,1,1,0,1,0,1,0,1,0,1,0,1,0,0,1,0,1,1
Mike Berardino,0,0,0,1,0,1,1,0,1,0,1,0,1,0,1,0,0,1,0,1,1
Rob Biertempfel,0,0,0,1,1,0,1,0,0,0,1,0,0,0,1,0,0,1,0,0,0
Jeff Blair,1,1,0,1,0,0,1,0,0,0,0,1,0,0,0,0,0,0,0,0,1
Barry Bloom,1,1,0,1,1,0,1,0,1,0,1,0,0,0,0,0,0,1,1,0,1
Earl Bloom,0,0,0,1,1,1,1,0,1,1,1,0,0,0,0,0,0,1,1,0,1
Erik Boland,1,1,0,1,0,0,1,0,1,0,1,0,0,0,1,0,1,1,0,1,0
Filip Bondy,1,1,0,1,1,0,1,0,0,0,1,1,0,0,0,0,1,1,1,0,0
Tim Booth,1,1,0,1,1,0,1,0,1,0,1,0,0,0,1,0,0,1,0,0,1
David Borges,1,1,0,1,0,0,1,0,0,0,0,1,0,0,1,0,0,0,0,0,0
Peter Botte,1,1,0,1,0,0,1,1,1,1,0,0,0,0,1,0,0,1,0,0,1
Mark Bradley,1,1,0,0,0,1,1,0,1,0,1,1,0,0,1,0,0,1,0,0,1
Marcos Breton,1,1,0,1,1,0,1,0,1,0,1,1,0,0,0,0,0,1,1,0,0
Larry Brooks,1,1,0,1,0,0,1,0,1,0,1,0,0,0,0,1,0,1,0,0,1
Garry Brown,1,1,0,0,1,0,1,0,1,1,1,1,0,0,1,0,0,1,0,0,0
Steve Buckley,1,1,0,1,1,0,1,0,1,0,1,0,0,0,1,0,0,1,1,0,0
Don Burke,0,0,0,1,1,0,1,1,1,0,1,0,0,0,0,0,0,1,1,1,0
Nick Cafardo,1,1,0,1,1,0,1,0,0,0,1,0,0,0,1,1,0,1,1,0,0
Pete Caldera,1,1,0,1,0,0,1,0,0,0,0,1,0,0,1,1,0,1,1,0,0
Andrew Call,0,0,0,1,1,0,1,0,1,0,1,0,0,0,1,0,0,1,1,0,0
Dave Campbell,1,1,0,1,1,0,1,0,1,0,1,0,0,0,1,0,0,1,0,0,1
Jim Caple,1,1,0,1,0,0,1,0,1,1,0,0,0,0,1,0,0,1,1,0,1
Pat Caputo,1,1,0,1,1,0,1,0,0,0,1,0,1,0,1,0,0,1,0,0,1
Sam Carchidi (didn't vote last yr),0,0,0,1,1,0,1,0,0,1,1,0,0,0,1,0,0,1,1,0,0
Marc Carig,1,1,0,1,1,0,1,0,1,0,1,0,0,0,1,0,1,1,0,0,0
Bill Center,0,0,0,1,1,0,1,0,1,0,0,0,0,0,0,0,0,1,1,0,1
Murray Chass (2017 blank ballot),0,0,0,1,0,0,1,0,1,0,0,0,0,0,0,0,0,1,0,0,0
Jay Cohen,1,1,0,1,1,0,1,0,1,0,1,0,1,0,1,0,0,1,0,0,0
Roberto Colon,1,1,0,1,1,0,1,0,1,0,1,0,0,0,0,0,1,1,1,0,0
Dan Connolly,1,1,0,1,1,0,1,0,1,0,1,0,0,0,0,0,0,1,1,0,1
Kevin Cooney,1,1,0,1,1,0,1,0,1,0,1,0,0,0,1,0,0,1,1,0,0
Brian Costello,1,1,0,1,1,0,1,0,0,0,0,1,0,0,1,1,1,1,0,0,0
Greg Cote,1,1,0,1,1,0,1,0,1,0,0,1,0,0,0,1,0,1,0,0,0
Tim Cowlishaw,1,1,0,1,1,0,1,1,1,0,0,0,0,0,1,0,0,1,0,0,1
Jerry Crasnick,1,1,0,1,1,0,1,1,1,0,1,0,0,0,1,0,0,1,0,0,0
Jack Curry,0,0,0,1,1,0,1,1,1,0,1,0,0,0,1,0,0,1,0,1,1
Tom D'Angelo,1,1,0,1,1,0,1,0,0,0,1,1,0,0,1,0,0,1,0,0,1
Paul Daugherty,0,0,0,1,0,0,1,0,0,0,0,0,0,0,0,0,0,1,0,0,0
Shi Davidi,1,1,0,1,1,0,1,0,1,1,1,0,0,0,0,0,0,1,0,0,1
Ken Davidoff,1,1,0,0,0,1,1,0,1,0,1,0,1,0,1,0,0,1,0,0,1
Art Davidson,0,0,0,1,1,1,1,0,0,0,0,0,0,0,1,0,0,1,1,0,0
John Delcos,0,0,0,1,1,0,1,0,1,1,1,0,0,0,0,0,0,1,1,0,0
Chris De Luca,1,1,0,1,1,0,1,0,1,0,1,0,0,0,1,0,1,1,0,0,0
Tony DeMarco,0,0,0,1,1,0,1,0,1,1,1,0,0,0,1,0,0,1,1,0,1
Tom Dienhart,1,1,0,1,1,0,1,0,1,0,1,1,0,0,0,0,1,1,0,0,0
Ryan Divish,1,1,0,1,1,0,1,0,1,0,1,0,0,0,1,0,0,1,0,0,1
Mike Downey,1,1,0,1,1,0,1,0,0,0,0,0,0,0,0,0,0,1,1,0,0
Josh Dubow,1,1,0,0,0,0,1,0,1,0,1,1,1,0,1,0,0,1,0,0,1
Jay Dunn,0,0,0,1,1,1,1,0,1,1,0,0,0,0,1,0,0,1,1,0,0
Jorge Ebro,0,0,0,1,1,1,1,0,1,0,0,0,0,0,0,0,0,1,1,0,0
John Erardi,0,0,0,1,0,0,1,0,1,1,1,0,1,0,1,0,0,1,0,0,1
Ryan Fagan,1,1,0,1,0,0,1,0,1,0,1,0,1,1,0,0,0,1,0,0,1
Mark Faller,0,0,0,1,1,0,1,0,1,1,1,0,1,0,0,0,0,1,0,0,1
Mark Feinsand,1,1,0,1,0,0,1,0,1,0,1,1,0,0,1,1,0,1,0,0,0
Martin Fennelly,0,0,0,1,1,0,1,0,1,1,1,0,0,0,1,1,0,1,0,0,1
Jeffrey Flanagan,1,1,0,1,1,0,1,0,1,0,0,1,0,0,0,0,0,1,0,0,1
Jeff Fletcher,1,1,0,1,0,0,1,0,1,0,1,1,0,0,1,0,0,1,0,0,1
Carlos Frias,1,1,0,1,1,0,1,0,1,0,0,1,0,0,1,0,1,0,1,0,0
Carter Gaddis,0,0,0,1,1,0,1,0,1,1,1,0,0,0,0,0,0,1,0,0,0
Peter Gammons,1,0,0,1,1,0,1,0,1,0,1,0,1,0,1,0,0,1,0,0,0
Dan Gelston,1,1,0,1,1,0,1,0,0,0,0,0,0,0,1,0,0,1,0,0,0
Steven Gietschier,0,0,0,1,1,0,1,1,1,1,1,0,0,0,0,0,0,1,0,1,0
Rob Gillies,0,0,0,1,0,0,1,0,0,0,0,0,0,0,0,0,0,1,0,0,1
David Ginsburg,1,1,0,1,0,0,0,0,0,0,0,0,0,0,0,0,0,1,0,0,0
Steve Goldman (didn't vote last yr),0,0,0,1,1,0,1,1,0,1,1,0,0,0,1,0,0,1,1,1,0
Jimmy Golen,0,0,0,0,1,0,1,0,1,0,0,0,0,0,0,0,0,1,1,0,0
Pedro Gomez,0,0,0,0,1,0,1,0,0,1,1,0,0,0,0,0,0,1,1,0,0
Mark Gonzales,0,0,0,1,1,0,1,1,1,0,0,0,0,0,0,0,0,1,1,1,0
Derrick Goold,0,0,0,1,1,1,1,0,1,0,1,0,1,0,1,0,0,1,0,0,1
Patrick Graham,1,1,0,1,1,0,1,0,1,0,1,0,0,0,1,0,0,1,0,0,1
Evan Grant,1,1,0,1,1,0,1,0,1,0,1,0,0,0,1,0,0,1,0,0,1
Dan Graziano,0,0,0,1,1,0,1,1,1,1,1,0,0,0,0,0,0,0,0,1,0
Jay Greenberg,0,0,0,1,1,0,1,0,1,1,1,0,0,0,1,0,0,1,0,0,0
Alan Greenwood,1,1,0,1,0,0,1,0,0,0,0,1,0,0,1,0,0,0,0,0,0
Scot Gregor,0,0,0,1,1,0,1,0,1,0,1,0,0,0,0,0,0,1,1,0,0
Richard Griffin,1,1,0,1,1,0,1,0,1,0,0,0,0,0,0,0,0,1,1,0,1
Karen Guregian,0,0,0,1,1,0,1,0,0,0,1,0,0,0,1,0,0,1,1,0,0
Paul Gutierrez,0,0,0,1,1,0,1,1,1,0,0,0,0,0,0,0,0,1,1,0,0
Joe Haakenson,0,0,0,1,1,0,1,1,1,1,1,0,0,0,1,0,0,1,0,0,1
Chris Haft,1,1,0,1,1,0,1,1,1,0,1,0,0,0,0,0,0,1,1,0,0
Paul Hagen,1,1,0,1,1,0,1,0,0,0,0,0,1,0,1,0,0,1,0,1,1
Mark Hale,1,1,0,1,0,0,1,0,1,0,1,1,0,0,1,0,0,1,0,0,1
John Harper,0,0,0,1,1,0,1,1,1,0,1,0,0,0,1,0,0,1,1,1,0
Mike Harrington,1,1,0,1,0,0,1,0,1,1,1,0,0,0,1,0,0,1,0,0,1
Ian Harrison,0,0,0,1,1,0,1,0,1,0,1,0,0,1,1,0,0,1,0,1,1
Tom Haudricourt,1,1,0,1,1,0,1,0,1,1,1,0,0,0,1,0,0,1,0,0,0
Dan Hayes,1,1,0,1,1,0,1,0,1,0,1,0,0,0,1,0,0,1,0,0,1
Joe Henderson,1,1,0,1,1,0,1,0,1,1,1,0,0,0,0,0,0,1,0,0,0
Lynn Henning,1,1,0,1,0,0,1,0,1,0,1,0,0,0,1,0,0,1,0,0,0
Steve Henson,1,1,0,1,1,0,1,0,0,1,1,1,0,0,0,0,0,1,1,0,0
Mark Herrmann,0,0,0,1,1,0,1,0,1,0,0,0,0,0,1,0,0,1,0,0,0
Bob Herzog,1,1,0,1,1,0,1,0,1,0,1,1,0,0,0,1,0,1,0,0,0
Jon Heyman,1,0,0,1,1,1,1,0,0,1,1,0,1,0,1,0,0,1,0,0,0
Bob Hohler,0,0,1,1,1,0,1,0,1,0,1,0,0,0,1,0,0,1,0,0,0
Garry D. Howard,1,1,0,1,1,0,1,0,1,0,0,1,0,0,1,1,0,1,0,0,0
Mike Imrem,1,1,0,1,1,0,1,0,1,0,1,1,0,0,1,0,1,0,0,0,0
Jeff Jacobs,1,1,0,1,1,0,1,0,1,0,1,0,0,0,1,0,0,1,0,0,0
Bruce Jenkins,1,1,0,1,1,0,1,0,1,0,0,1,0,0,0,0,1,1,1,0,0
Chuck Johnson,1,1,0,1,1,0,1,0,1,1,0,0,0,0,0,1,1,0,0,0,0
Joey Johnston,1,1,0,1,1,0,1,0,1,1,0,0,0,0,0,1,0,1,0,0,1
Richard Justice,1,1,0,1,1,0,1,0,1,0,1,0,0,0,1,0,0,1,0,1,0
Marc Katz,0,0,0,1,1,0,1,0,1,1,0,0,0,0,0,1,0,1,1,0,0
Tim Kawakami,1,1,0,1,1,0,1,0,1,0,1,0,0,0,1,0,0,1,1,0,0
Kevin Kernan,1,1,0,1,1,0,1,0,1,1,0,0,0,0,1,0,0,1,0,0,1
Ann Killion,0,0,0,1,1,0,1,0,1,0,0,0,0,0,0,0,0,1,1,0,0
George A. King III,1,1,0,1,1,0,1,0,0,0,1,1,0,0,0,1,1,1,0,0,0
Bob Klapisch,1,1,0,1,1,0,1,0,1,0,1,0,0,0,1,0,0,1,0,0,1
Michael Knisley,0,0,0,1,1,0,1,1,1,0,0,0,0,0,0,0,0,1,0,1,1
Dejan Kovacevic,0,0,0,1,1,0,1,0,1,0,1,0,0,0,0,0,0,1,0,0,0
Ron Kroichick,0,0,0,1,1,0,1,1,0,0,1,0,0,0,0,0,0,1,1,0,0
Roch Kubatko,1,1,0,1,1,0,1,0,1,0,1,0,0,0,1,0,0,1,0,0,1
Tim Kurkjian,1,1,0,1,1,0,1,0,1,0,1,0,0,0,1,1,0,1,0,0,0
Gabe Lacques,1,1,0,1,1,0,1,0,0,0,1,0,1,0,1,0,0,1,0,0,1
Marc Lancaster,1,1,0,1,1,1,1,0,1,0,0,0,0,0,1,0,0,1,0,0,1
Scott Lauber,1,1,0,1,1,0,1,0,1,0,1,0,0,0,1,0,0,1,0,1,0
Sadiel Lebron,0,1,0,1,1,1,1,0,0,1,0,1,0,0,0,0,1,1,1,0,0
David Lennon,1,1,0,1,1,0,1,0,1,0,1,0,0,0,1,0,0,1,0,0,0
Joseph Liao,1,1,0,1,1,0,1,0,1,0,0,1,0,0,1,0,0,1,0,1,0
Bernie Lincicome,1,1,0,1,0,0,1,0,0,0,0,1,0,0,0,0,0,1,0,0,0
Bill Livingston,0,0,0,0,0,0,0,0,0,0,0,0,0,0,0,0,0,1,1,0,0
Thom Loverro,0,0,0,1,1,0,1,1,1,1,1,0,0,0,0,0,0,1,1,0,1
Rob Maaddi,1,1,0,1,1,0,1,0,1,0,0,0,0,0,1,0,1,1,0,1,0
Dennis Maffezzoli,1,1,0,1,1,0,1,0,1,0,1,0,0,0,1,0,0,1,1,0,0
Jack Magruder,1,1,0,1,1,0,1,0,0,0,0,1,0,0,0,1,0,1,0,0,1
Dennis Manoloff,0,0,0,1,1,0,1,0,1,0,1,0,0,0,1,0,0,1,1,0,1
Steven Marcus,0,0,0,1,1,0,1,0,0,0,0,0,0,0,0,0,0,1,0,0,0
David Maril,1,1,0,1,1,0,1,0,0,0,1,1,0,0,0,1,1,1,0,0,0
Tony Massarotti,1,1,0,0,0,0,1,0,1,0,0,1,0,0,0,0,0,0,0,0,0
Sean McAdam,1,1,0,1,0,1,1,0,1,0,1,0,0,0,1,0,0,1,0,0,0
Jack McCaffery,1,1,0,1,1,0,1,0,0,1,0,0,0,0,1,0,0,1,1,0,1
Anthony McCarron,1,1,0,1,1,0,1,1,1,0,1,0,0,0,1,0,0,1,0,0,0
Janie McCauley,1,1,0,1,0,0,1,0,1,0,1,1,0,0,1,0,0,1,0,0,1
Joe McDonald,1,1,0,1,1,0,1,0,1,0,1,1,0,0,0,0,1,1,0,0,0
John McGrath,0,0,0,1,1,0,1,0,1,1,1,0,1,0,1,0,0,1,0,0,1
Sam Mellinger,1,1,0,1,0,0,1,0,1,0,1,1,0,0,1,0,0,1,0,0,1
Bruce Miles,1,1,0,1,1,0,1,0,1,0,1,0,1,0,0,0,0,1,1,0,0
Phil Miller,1,1,0,0,0,0,1,0,1,0,1,1,0,0,1,0,1,1,0,0,1
Randy Miller,0,0,0,1,1,0,1,0,0,1,0,0,0,0,0,0,0,1,1,1,0
Scott Miller,0,0,0,1,1,0,1,1,1,1,1,0,0,0,0,0,0,1,1,0,0
Kevin Modesti,1,1,0,1,1,0,1,0,0,0,1,1,0,0,1,1,0,0,1,0,0
Roger Mooney,1,1,0,1,1,0,1,0,1,1,1,0,0,0,1,0,0,1,0,0,0
Terence Moore,0,0,0,1,1,0,1,0,0,1,0,0,0,0,0,1,0,1,0,0,0
Aurelio Moreno,1,1,0,1,1,0,1,0,1,0,1,0,0,0,0,0,1,1,0,0,0
Jon Morosi,1,1,0,1,1,0,1,0,1,0,1,0,0,0,1,0,0,1,0,0,1
Rick Morrissey,0,0,0,1,1,0,1,0,1,1,0,0,0,0,1,0,0,1,0,0,1
Carrie Muskat,1,1,0,1,0,0,1,0,0,0,0,0,0,0,0,0,0,1,1,0,0
Gene Myers,1,1,0,1,1,0,1,0,1,0,1,0,0,0,1,0,0,1,0,0,1
Mike Nadel,1,1,0,1,0,0,1,0,1,0,1,0,0,0,1,0,0,1,0,0,0
Katsushi Nagao,1,1,0,1,1,0,1,0,1,0,1,0,0,0,1,0,0,1,1,0,0
Ross Newhan (didn't vote last yr),0,0,0,1,1,0,1,1,1,0,1,0,0,0,1,0,0,1,1,0,1
Mark Newman,1,1,0,1,0,0,1,0,1,0,1,0,1,0,1,0,0,1,0,0,1
Bob Nightengale,1,1,0,1,1,0,1,0,0,1,1,0,0,0,0,1,1,1,0,0,0
Eric Núñez,1,1,0,1,0,0,1,0,1,0,1,0,1,0,1,0,0,1,0,0,1
Ian O'Connor,1,1,0,1,1,0,1,0,1,0,1,0,0,0,1,0,0,1,0,0,1
Jorge Ortiz,0,0,0,1,1,0,1,1,0,0,1,0,0,0,0,0,0,0,1,0,0
Jose de Jesus Ortiz,0,1,0,1,1,0,0,1,1,1,1,0,0,0,0,0,0,1,1,1,0
Rob Parker,1,1,0,0,1,0,1,0,0,0,0,0,0,0,0,1,1,1,0,0,0
Jeff Peek,0,0,0,1,1,0,1,1,1,0,1,0,0,0,1,0,0,1,0,0,0
Dave Perkins,1,1,0,1,0,0,1,0,1,0,0,0,0,0,0,0,0,1,1,0,1
John Perrotto,1,1,0,0,1,0,1,0,0,0,1,1,0,0,1,0,0,1,1,0,1
Mike Peticca,0,0,0,1,1,0,1,0,1,1,1,0,1,0,1,0,0,1,1,0,0
Nick Pietruszkiewicz,1,1,0,1,1,0,1,0,1,0,1,1,0,0,0,0,1,1,0,0,0
Rick Plumlee,1,1,0,1,1,0,1,0,1,0,1,0,0,0,1,0,0,1,0,0,1
Bill Plunkett,0,0,0,1,1,0,1,0,1,0,0,0,0,0,0,1,0,1,0,0,1
Terry Pluto,0,0,0,1,1,0,1,0,1,0,1,0,1,0,1,0,0,1,1,1,0
Steve Politi,1,1,0,1,1,0,1,0,1,0,1,1,0,0,1,0,0,1,0,0,0
Steve Popper,1,1,0,1,1,0,1,0,1,0,1,0,0,0,1,0,0,1,0,1,0
Joe Posnanski,1,1,0,1,0,0,1,0,1,0,1,0,1,0,1,0,0,1,0,0,1
Scott Priestle,1,1,0,1,0,0,1,0,1,0,1,1,0,0,1,0,0,1,0,0,1
Brendan Prunty,1,1,0,1,1,0,1,0,0,0,1,1,0,1,0,1,0,1,0,0,0
Mike Puma,1,1,0,1,1,0,1,0,1,0,1,0,0,0,1,0,0,1,0,1,0
Mark Purdy,0,0,0,1,1,0,0,0,0,0,0,0,0,0,0,0,0,0,1,0,0
Rob Rains,0,0,0,1,1,0,1,0,0,0,0,0,0,0,0,0,0,1,0,0,0
Luis Rangel,1,1,0,1,1,0,1,0,1,0,0,1,0,0,1,0,1,1,0,0,0
Troy Renck,0,0,0,1,1,0,1,1,1,0,1,0,0,0,1,0,0,1,1,0,1
Dave Reynolds,0,0,0,1,1,0,1,1,1,0,1,0,0,0,1,0,0,1,1,0,1
Tim Reynolds,1,1,0,1,1,0,1,0,1,0,1,1,0,0,0,0,0,1,0,0,1
Anthony Rieber,1,1,0,1,1,0,1,0,0,0,1,1,0,0,1,0,0,1,1,0,0
Tracy Ringolsby,1,1,0,1,1,0,1,0,1,0,1,0,0,0,0,0,0,1,0,0,1
Phil Rogers,0,0,0,1,0,0,1,0,0,0,1,0,0,0,1,0,0,1,1,0,1
John Romano,1,1,0,1,1,0,1,0,1,0,1,1,0,0,1,0,0,1,0,0,0
C. Trent Rosecrans,1,1,0,1,0,0,1,0,1,0,1,1,0,0,1,0,0,1,0,0,1
Ken Rosenthal,1,1,0,1,1,0,1,0,1,0,1,0,0,0,1,0,0,1,0,1,0
John Rowe,0,0,0,1,1,0,1,0,1,0,0,0,0,0,1,0,0,0,0,0,0
Barry Rozner,1,1,0,1,1,0,1,1,0,0,1,0,0,0,1,0,0,1,0,0,0
Roger Rubin,1,1,0,1,1,0,1,0,1,0,0,0,0,0,1,0,0,1,0,0,0
Joe Rutter,1,1,0,1,1,0,1,0,1,0,1,0,0,0,0,0,0,1,1,0,0
Bob Ryan,0,0,0,1,0,0,1,0,1,0,1,0,0,0,1,0,0,1,1,0,0
Bob Sansevere,1,1,0,1,1,0,1,0,1,0,1,1,0,0,1,0,0,1,0,0,0
Mark Saxon,1,1,0,1,0,0,1,1,1,0,1,1,0,0,0,0,0,1,1,0,0
Henry Schulman,1,1,0,1,1,0,1,0,1,0,1,0,0,0,1,0,0,1,1,0,0
Glenn Schwarz,0,0,0,1,1,0,1,1,0,0,1,0,0,0,0,0,0,0,0,0,0
Mike Shalin,1,1,0,1,0,0,1,0,1,0,0,1,0,0,1,0,1,0,1,0,1
Dan Shaughnessy,0,0,0,1,0,0,1,0,0,0,0,0,0,0,0,0,0,1,0,0,0
John Shea,1,1,0,1,1,0,1,1,1,0,1,0,0,0,0,0,0,1,1,0,0
Joel Sherman,1,1,0,1,0,0,1,0,1,0,1,0,0,0,1,0,0,1,0,0,0
Bob Sherwin,0,0,0,1,1,0,1,1,1,0,1,0,0,0,0,0,0,1,1,0,0
Michael Silverman,1,1,0,1,0,0,1,0,1,0,1,1,1,0,1,0,0,0,0,0,1
Steve Simmons,0,0,0,1,1,0,1,0,1,0,1,0,0,0,1,0,0,1,1,0,1
Susan Slusser,1,1,0,1,1,0,1,0,1,0,1,0,1,0,0,0,0,1,0,0,1
Claire Smith,1,1,0,1,1,0,1,0,1,0,0,0,0,0,1,0,1,1,1,0,0
Joe Smith,1,1,0,1,1,0,1,0,1,1,1,0,1,0,0,0,0,1,0,0,0
Willie Smith,1,1,0,1,1,0,1,0,1,0,0,1,0,0,0,0,1,1,1,0,0
Bob Smizik,1,1,0,0,0,0,1,0,1,0,0,1,0,0,0,0,0,1,0,0,0
Clark Spencer,0,0,0,1,0,0,1,0,1,0,1,0,0,0,1,0,0,1,0,0,1
Barry Stanton,0,0,0,1,1,0,1,0,1,0,0,0,0,0,0,0,0,1,1,0,0
Arnie Stapleton,0,0,0,1,1,0,1,0,1,0,1,0,0,0,1,0,0,1,0,0,1
Jayson Stark,1,1,0,1,1,0,1,0,1,0,1,0,0,0,1,0,0,1,0,0,1
Carl Steward,1,1,0,1,1,0,1,0,1,0,1,0,0,0,1,0,0,1,0,0,0
Joe Stiglich,1,1,0,1,1,0,1,0,1,0,0,0,0,0,1,0,0,1,0,0,0
Larry Stone,1,1,0,1,1,0,1,0,1,0,1,0,0,0,1,0,0,1,0,0,1
Jim Street,0,0,0,1,1,0,1,0,1,0,0,0,0,0,0,0,0,1,1,0,0
Paul Sullivan,0,0,0,1,1,0,1,0,0,0,1,0,0,0,0,0,0,1,0,0,0
TR Sullivan,1,1,0,1,1,0,1,0,1,0,1,0,1,0,0,0,0,1,0,0,1
Jean-Jacques Taylor,1,1,0,0,1,0,1,0,1,1,1,0,0,0,1,0,0,1,0,0,1
Rick Telander,0,0,1,1,1,0,1,0,1,0,1,0,0,0,1,0,0,1,1,0,0
John Tomase,1,1,0,1,0,0,1,0,1,0,0,0,0,0,1,1,0,1,0,0,0
Marc Topkin,1,1,0,1,1,0,1,0,0,1,1,0,0,0,0,1,0,1,0,1,0
Mike Vaccaro,1,1,0,1,1,0,1,0,1,0,1,0,0,0,1,0,0,1,0,0,1
Juan Vené,0,0,0,1,1,0,1,0,0,1,0,0,0,0,0,0,0,1,0,0,0
Tom Verducci,0,0,0,1,1,0,1,1,1,1,1,0,0,0,1,0,0,1,0,0,0
Kirk Wessler,0,0,0,1,1,0,1,0,1,0,1,0,1,0,1,0,0,1,1,0,1
Paul White,0,0,0,1,1,0,1,0,1,0,1,0,0,0,1,1,0,1,0,1,1
David Wilhelm,0,0,0,1,1,0,1,0,1,1,1,0,0,0,0,0,0,1,1,1,0
George Willis,1,1,0,1,1,0,1,1,1,1,1,0,0,0,0,1,0,0,0,0,0
Bernie Wilson,1,1,0,1,1,0,1,0,1,1,1,0,0,0,0,0,0,1,0,0,1
Jeff Wilson,1,1,0,1,1,0,1,0,1,1,1,0,0,0,1,0,0,1,0,0,0
Steve Wine,1,1,0,1,0,0,1,0,0,0,0,1,0,0,0,0,1,1,0,0,0
Eduardo B. Almada,0,0,0,1,1,0,1,0,0,0,1,0,0,0,1,1,0,1,1,1,0
David Barron*,0,1,0,1,1,0,1,1,1,0,1,0,0,0,0,0,0,1,1,1,0
Darrin Beene,1,1,0,1,0,0,1,1,1,0,0,1,0,0,1,0,0,1,0,0,1
Ronald Blum*,1,1,0,1,1,0,1,0,0,0,0,0,0,0,0,0,1,1,0,0,0
Paul Bodi*,0,0,0,1,1,0,1,0,0,0,1,0,0,0,0,0,0,1,0,0,0
Dennis Brackin*,1,1,0,1,1,0,1,0,1,1,1,1,0,0,0,0,0,0,0,0,1
Ray Buck*,0,1,0,1,1,0,1,0,1,0,1,0,0,0,0,0,0,1,0,0,0
John Canzano,1,1,0,1,1,0,1,0,1,0,1,1,0,0,0,0,0,0,0,0,0
Joe Christensen*,1,1,0,0,1,0,1,0,1,0,1,0,1,0,1,0,0,1,0,0,1
Tom Christensen*,1,1,0,1,0,0,1,0,1,0,1,0,0,0,1,0,0,1,1,0,1
Ron Cook*,0,0,0,1,0,0,1,0,0,0,0,0,0,0,0,0,0,1,0,0,0
Joe Cowley*,1,1,0,1,1,0,0,0,1,0,1,1,0,0,1,0,0,1,0,0,0
Guy Curtright*,1,1,0,1,0,1,1,0,1,0,1,0,0,0,1,0,0,1,0,0,1
Tim Dahlberg,0,0,0,1,1,0,1,0,1,0,1,0,0,0,0,0,0,1,0,0,0
Steve Dilbeck,0,0,0,1,1,0,1,0,0,0,0,0,0,0,0,0,0,1,0,0,0
Chuck Dybdal*,1,1,0,1,1,0,1,0,1,0,0,0,0,0,0,0,0,0,0,0,0
Bob Elliott*,1,1,0,1,1,0,1,1,0,1,0,0,0,0,0,0,0,1,0,0,1
Alan Eskew*,1,0,1,0,1,1,1,0,0,0,1,1,0,0,0,0,0,1,1,0,0
Michael Fannin*,1,1,0,1,1,0,1,0,1,1,1,1,0,0,1,0,0,0,0,0,0
Howard Fendrich*,0,0,0,1,1,0,1,0,1,0,1,0,0,0,0,0,0,1,0,0,0
Larry Fine*,0,0,0,1,1,0,1,0,1,0,1,0,0,0,1,0,0,1,1,0,0
Mike Fitzpatrick*,0,0,0,1,1,0,1,0,1,0,1,0,1,0,1,0,0,1,0,1,0
Randy Galloway,0,0,0,1,1,0,1,0,0,0,0,0,0,0,0,0,0,1,1,0,0
Jim Gauger*,1,1,0,1,1,0,1,0,0,0,0,1,0,0,1,0,0,1,1,0,0
Jerry Green*,1,1,1,1,0,0,1,0,1,0,0,0,0,0,0,1,0,1,1,0,0
Bill Hartman*,0,0,0,1,1,1,1,1,0,1,0,0,0,0,0,0,0,1,1,1,0
Jim Hawkins*,1,1,0,1,0,0,1,0,1,0,1,1,0,0,1,1,0,1,0,0,0
Jim Henneman*,0,0,0,1,1,0,1,1,1,1,1,0,0,0,0,1,0,1,0,1,0
Manolo Hernandez-Douen*,1,1,0,1,1,0,1,0,1,0,0,0,0,1,0,0,1,1,1,0,0
Steve Herrick*,0,0,0,1,0,0,1,0,1,0,1,0,1,0,1,0,0,1,1,0,1
John Hickey*,1,0,0,1,1,0,1,1,1,0,1,0,1,0,0,0,0,1,0,1,0
Hirokazu Higuchi*,0,0,0,1,1,0,1,0,0,1,1,0,0,0,0,0,0,1,1,0,0
Jeff Horrigan*,1,1,0,1,1,0,1,0,1,0,1,1,0,0,1,0,0,1,0,0,0
Alan Hoskins*,1,1,0,1,1,0,1,0,1,0,0,0,0,0,1,0,1,1,0,0,0
Paul Hoynes*,0,0,0,1,1,0,1,1,1,1,0,0,1,0,1,0,0,1,1,0,0
Jim Ingraham*,0,0,0,1,0,0,1,0,1,0,1,0,0,0,1,0,0,1,1,0,0
Tom Keegan*,1,1,0,1,0,0,1,0,0,0,1,1,0,0,0,0,0,0,0,0,0
Chuck Klonke*,1,1,0,1,1,0,1,0,1,1,1,0,0,0,0,0,0,1,0,0,1
Danny Knobler,1,1,0,1,1,1,1,0,1,0,1,0,0,0,1,0,0,1,0,0,0
Steve Kornacki*,0,0,1,0,1,1,1,0,0,0,1,0,0,0,1,1,0,1,0,0,1
Bob Kuenster,0,0,0,1,1,0,1,0,1,1,1,0,0,0,1,0,0,1,1,0,1
Bill Lankhof*,1,1,0,1,1,0,1,0,1,0,0,0,0,0,0,0,0,1,0,0,1
Seth Livingstone,1,1,0,1,1,0,1,0,0,0,1,1,0,0,0,0,0,1,1,0,1
Mike Lopresti*,0,0,0,1,1,0,1,0,1,0,1,0,1,0,1,0,0,1,1,0,0
Mike Lupica*,0,0,0,1,1,0,1,1,1,0,1,0,0,0,1,0,0,1,0,1,0
Bill Madden,0,0,0,1,0,0,1,1,1,1,0,0,0,0,1,0,0,1,1,0,0
Marino Martinez*,1,1,0,1,1,0,1,0,1,0,1,1,0,0,0,0,0,1,1,0,0
Hal McCoy,0,0,0,1,1,0,1,0,1,1,0,0,1,0,0,0,0,1,0,0,0
Dan McGrath*,0,0,0,1,0,0,1,0,1,0,1,0,0,0,1,0,0,1,1,0,1
Adam Mertz,0,0,0,1,1,0,1,0,1,0,1,0,0,0,1,0,0,1,0,0,0
Larry Millson*,1,1,0,1,1,0,1,0,1,1,1,0,0,0,0,0,0,1,0,0,1
Fred Mitchell,0,0,0,1,1,0,1,1,1,0,0,1,0,0,0,1,0,1,1,0,1
LaVelle Neal III,1,1,0,1,1,0,1,0,1,0,1,0,0,0,1,1,0,1,0,0,0
Sheldon Ocker*,0,0,0,1,1,0,1,1,1,1,0,0,0,0,0,0,0,1,1,0,1
Drew Olson,1,1,0,1,1,0,1,0,1,1,1,0,0,0,0,0,0,1,0,0,1
Gregg Patton*,0,0,0,1,1,0,1,1,1,0,1,0,0,0,1,0,0,1,0,0,1
Ed Petruska,1,1,0,1,1,0,1,0,1,0,1,1,0,0,1,1,0,0,0,0,0
Ray Ratto*,1,1,0,1,1,0,1,0,1,0,1,1,0,0,0,0,0,1,0,0,1
Jim Reeves,0,0,0,1,1,0,1,0,1,1,1,0,0,0,0,0,0,1,0,0,1
Patrick Reusse*,0,0,0,1,1,0,1,0,1,0,0,0,1,1,0,0,0,1,1,0,1
Alan Robinson*,0,0,0,1,0,0,1,0,0,1,0,0,0,0,0,0,0,1,0,0,0
Richard Rupprecht*,1,1,0,1,1,0,1,0,1,0,1,0,0,0,1,0,0,1,0,0,0
Dick Scanlon*,0,0,0,0,1,0,1,0,0,1,0,0,0,0,0,0,0,1,1,0,0
Chaz Scoggins*,1,1,0,1,1,0,1,1,0,1,0,0,0,0,1,0,0,1,0,0,0
Tom Timmermann*,1,1,0,1,1,0,1,0,1,0,1,0,1,0,0,0,0,1,0,0,1
Howard Ulman*,1,1,0,1,1,0,1,0,1,0,1,0,0,0,1,0,0,1,0,0,1
Bill Windler*,1,1,0,1,1,0,1,0,0,0,1,1,0,0,1,1,0,1,0,0,0
Gordon Wittenmyer,0,0,0,1,0,0,1,0,1,0,1,0,0,1,1,0,0,1,1,0,0
Mark Zuckerman,0,0,0,1,1,0,1,0,1,0,0,0,0,0,1,0,0,1,0,1,1
Anonymous1,0,0,0,1,1,0,1,0,0,0,0,0,0,0,0,0,0,1,0,0,0
Anonymous2,1,1,0,1,1,0,1,0,1,0,1,1,0,0,0,0,0,1,0,0,1
Anonymous3,1,1,0,1,1,1,1,0,0,0,0,1,0,0,1,1,0,1,0,0,0
Anonymous4,0,0,0,1,1,0,1,0,1,0,0,0,0,0,1,0,0,1,1,0,0